id,user_id,first_name,last_name,email,phone
1,200606,Luis,Simpkin,lsimpkin0@printfriendly.com,2828749655
2,676749,Stefania,Cookson,scookson1@ox.ac.uk,9906780838
3,907571,Reggis,Dobbison,rdobbison2@ibm.com,5183116240
4,150924,Alidia,Doldon,adoldon3@tinyurl.com,8696204331
5,346812,Liana,Grandison,lgrandison4@wikimedia.org,7304079388
6,204765,Jecho,Dearle,jdearle5@prweb.com,2992197983
7,156928,Ruth,Saladin,rsaladin6@salon.com,8449591566
8,817376,Munmro,Astlatt,mastlatt7@paginegialle.it,8064468770
9,130253,Kendrick,Entwhistle,kentwhistle8@wufoo.com,9233634528
10,387830,Hollis,Craythorn,hcraythorn9@vkontakte.ru,4795743774
11,929883,Cherie,Ryson,crysona@mozilla.com,2932233791
12,015204,Lenette,Rosling,lroslingb@latimes.com,9836889070
13,215919,Erny,Meaker,emeakerc@1und1.de,3999424300
14,555973,Katuscha,Prickett,kprickettd@google.com.au,3874117126
15,310124,Doe,Dyne,ddynee@sciencedaily.com,6499016646
16,140944,Amaleta,Rossiter,arossiterf@bing.com,1193822814
17,127919,Phineas,Durnford,pdurnfordg@google.co.uk,4985078815
18,390022,Anallese,Kellock,akellockh@g.co,2538594187
19,660192,Walliw,Glendenning,wglendenningi@freewebs.com,6143097243
20,542598,Jorge,Hennemann,jhennemannj@about.com,4543392316
21,674860,Gerik,Asals,gasalsk@last.fm,6699169245
22,594697,Florie,Shickle,fshicklel@joomla.org,3054619568
23,642818,Demetra,Letson,dletsonm@photobucket.com,7992633293
24,608806,Chester,Jentet,cjentetn@reverbnation.com,7705644182
25,665179,Kev,Zimmerman,kzimmermano@sun.com,7874114893
26,523950,Skye,Brayshay,sbrayshayp@biglobe.ne.jp,7192091347
27,844286,Dori,Bindon,dbindonq@dedecms.com,5887247828
28,407969,Ira,Wraight,iwraightr@salon.com,8897143243
29,849093,Marve,Jarville,mjarvilles@163.com,9268264975
30,255050,Cybill,Ikin,cikint@abc.net.au,7171394447
31,282912,Erminia,Scholz,escholzu@friendfeed.com,6941626671
32,483153,Antons,Milberry,amilberryv@shop-pro.jp,5768773635
33,016023,Mozelle,Watkiss,mwatkissw@symantec.com,1906892700
34,077156,Natal,Klima,nklimax@ehow.com,2147837934
35,244955,Lelia,Korpolak,lkorpolaky@phoca.cz,2868006678
36,596911,Garrek,Walwood,gwalwoodz@deliciousdays.com,9913307849
37,124089,Burtie,Cragg,bcragg10@usatoday.com,2299224839
38,941852,Barnie,Moye,bmoye11@fema.gov,4495282673
39,961536,Agretha,Ingerman,aingerman12@istockphoto.com,1855269550
40,053911,Ashby,Simony,asimony13@alexa.com,1387454990
41,648631,Trista,Vinton,tvinton14@smh.com.au,6682067128
42,403064,Tessi,Poxton,tpoxton15@ted.com,5169807845
43,045788,Gwenny,Sweetnam,gsweetnam16@unc.edu,1649723369
44,743256,Odessa,Aronov,oaronov17@marketwatch.com,9257986784
45,018766,Ailina,Tivenan,ativenan18@uiuc.edu,8873336988
46,579493,Beckie,Rosenhaupt,brosenhaupt19@blogspot.com,6323903443
47,035230,Marietta,Annakin,mannakin1a@qq.com,7534592338
48,455421,Earle,Coleridge,ecoleridge1b@amazon.co.jp,2498036418
49,042871,Ariella,Wippermann,awippermann1c@unblog.fr,4986635515
50,892420,Eden,Shipperbottom,eshipperbottom1d@clickbank.net,7126822148
